{
  "mean": [
    1006.0961620637629,
    6086.7395853137905,
    8.768082011383905e-06,
    0.00249470089801648,
    0.0007503272865756748,
    0.07517738532999292,
    8.498914326957678,
    2.573586711648414
  ],
  "scale": [
    25.85066887321605,
    58385.00274323722,
    5.074193679907165e-05,
    0.012890832750851313,
    0.0038651265958034083,
    0.6416772866201017,
    109.97631685129542,
    33.29748607559856
  ]
}